id,category,question,answer
1,Government Schemes,What government scheme is available for rice farmers in India?,The Government of India offers schemes like PM-KISAN and crop insurance for rice farmers to provide income support and risk coverage.
2,Government Schemes,What government scheme is available for wheat farmers in India?,The Government of India offers schemes like PM-KISAN and crop insurance for wheat farmers to provide income support and risk coverage.
3,Government Schemes,What government scheme is available for maize farmers in India?,The Government of India offers schemes like PM-KISAN and crop insurance for maize farmers to provide income support and risk coverage.
4,Government Schemes,What government scheme is available for millets farmers in India?,The Government of India offers schemes like PM-KISAN and crop insurance for millets farmers to provide income support and risk coverage.
5,Government Schemes,What government scheme is available for ragi farmers in India?,The Government of India offers schemes like PM-KISAN and crop insurance for ragi farmers to provide income support and risk coverage.
6,Government Schemes,What government scheme is available for sugarcane farmers in India?,The Government of India offers schemes like PM-KISAN and crop insurance for sugarcane farmers to provide income support and risk coverage.
7,Government Schemes,What government scheme is available for cotton farmers in India?,The Government of India offers schemes like PM-KISAN and crop insurance for cotton farmers to provide income support and risk coverage.
8,Government Schemes,What government scheme is available for coffee farmers in India?,The Government of India offers schemes like PM-KISAN and crop insurance for coffee farmers to provide income support and risk coverage.
9,Government Schemes,What government scheme is available for tea farmers in India?,The Government of India offers schemes like PM-KISAN and crop insurance for tea farmers to provide income support and risk coverage.
10,Government Schemes,What government scheme is available for areca nut farmers in India?,The Government of India offers schemes like PM-KISAN and crop insurance for areca nut farmers to provide income support and risk coverage.
11,Government Schemes,What government scheme is available for coconut farmers in India?,The Government of India offers schemes like PM-KISAN and crop insurance for coconut farmers to provide income support and risk coverage.
12,Government Schemes,What government scheme is available for apple farmers in India?,The Government of India offers schemes like PM-KISAN and crop insurance for apple farmers to provide income support and risk coverage.
13,Government Schemes,What government scheme is available for banana farmers in India?,The Government of India offers schemes like PM-KISAN and crop insurance for banana farmers to provide income support and risk coverage.
14,Government Schemes,What government scheme is available for mango farmers in India?,The Government of India offers schemes like PM-KISAN and crop insurance for mango farmers to provide income support and risk coverage.
15,Government Schemes,What government scheme is available for tomato farmers in India?,The Government of India offers schemes like PM-KISAN and crop insurance for tomato farmers to provide income support and risk coverage.
16,Government Schemes,What government scheme is available for potato farmers in India?,The Government of India offers schemes like PM-KISAN and crop insurance for potato farmers to provide income support and risk coverage.
17,Government Schemes,What government scheme is available for chili farmers in India?,The Government of India offers schemes like PM-KISAN and crop insurance for chili farmers to provide income support and risk coverage.
18,Government Schemes,What government scheme is available for onion farmers in India?,The Government of India offers schemes like PM-KISAN and crop insurance for onion farmers to provide income support and risk coverage.
19,Government Schemes,What government scheme is available for groundnut farmers in India?,The Government of India offers schemes like PM-KISAN and crop insurance for groundnut farmers to provide income support and risk coverage.
20,Government Schemes,What government scheme is available for soybean farmers in India?,The Government of India offers schemes like PM-KISAN and crop insurance for soybean farmers to provide income support and risk coverage.
21,Government Schemes,What government scheme is available for rice farmers in India?,The Government of India offers schemes like PM-KISAN and crop insurance for rice farmers to provide income support and risk coverage.
22,Government Schemes,What government scheme is available for wheat farmers in India?,The Government of India offers schemes like PM-KISAN and crop insurance for wheat farmers to provide income support and risk coverage.
23,Government Schemes,What government scheme is available for maize farmers in India?,The Government of India offers schemes like PM-KISAN and crop insurance for maize farmers to provide income support and risk coverage.
24,Government Schemes,What government scheme is available for millets farmers in India?,The Government of India offers schemes like PM-KISAN and crop insurance for millets farmers to provide income support and risk coverage.
25,Government Schemes,What government scheme is available for ragi farmers in India?,The Government of India offers schemes like PM-KISAN and crop insurance for ragi farmers to provide income support and risk coverage.
26,Government Schemes,What government scheme is available for sugarcane farmers in India?,The Government of India offers schemes like PM-KISAN and crop insurance for sugarcane farmers to provide income support and risk coverage.
27,Government Schemes,What government scheme is available for cotton farmers in India?,The Government of India offers schemes like PM-KISAN and crop insurance for cotton farmers to provide income support and risk coverage.
28,Government Schemes,What government scheme is available for coffee farmers in India?,The Government of India offers schemes like PM-KISAN and crop insurance for coffee farmers to provide income support and risk coverage.
29,Government Schemes,What government scheme is available for tea farmers in India?,The Government of India offers schemes like PM-KISAN and crop insurance for tea farmers to provide income support and risk coverage.
30,Government Schemes,What government scheme is available for areca nut farmers in India?,The Government of India offers schemes like PM-KISAN and crop insurance for areca nut farmers to provide income support and risk coverage.
31,Government Schemes,What government scheme is available for coconut farmers in India?,The Government of India offers schemes like PM-KISAN and crop insurance for coconut farmers to provide income support and risk coverage.
32,Government Schemes,What government scheme is available for apple farmers in India?,The Government of India offers schemes like PM-KISAN and crop insurance for apple farmers to provide income support and risk coverage.
33,Government Schemes,What government scheme is available for banana farmers in India?,The Government of India offers schemes like PM-KISAN and crop insurance for banana farmers to provide income support and risk coverage.
34,Government Schemes,What government scheme is available for mango farmers in India?,The Government of India offers schemes like PM-KISAN and crop insurance for mango farmers to provide income support and risk coverage.
35,Government Schemes,What government scheme is available for tomato farmers in India?,The Government of India offers schemes like PM-KISAN and crop insurance for tomato farmers to provide income support and risk coverage.
36,Government Schemes,What government scheme is available for potato farmers in India?,The Government of India offers schemes like PM-KISAN and crop insurance for potato farmers to provide income support and risk coverage.
37,Government Schemes,What government scheme is available for chili farmers in India?,The Government of India offers schemes like PM-KISAN and crop insurance for chili farmers to provide income support and risk coverage.
38,Government Schemes,What government scheme is available for onion farmers in India?,The Government of India offers schemes like PM-KISAN and crop insurance for onion farmers to provide income support and risk coverage.
39,Government Schemes,What government scheme is available for groundnut farmers in India?,The Government of India offers schemes like PM-KISAN and crop insurance for groundnut farmers to provide income support and risk coverage.
40,Government Schemes,What government scheme is available for soybean farmers in India?,The Government of India offers schemes like PM-KISAN and crop insurance for soybean farmers to provide income support and risk coverage.
41,Government Schemes,What government scheme is available for rice farmers in India?,The Government of India offers schemes like PM-KISAN and crop insurance for rice farmers to provide income support and risk coverage.
42,Government Schemes,What government scheme is available for wheat farmers in India?,The Government of India offers schemes like PM-KISAN and crop insurance for wheat farmers to provide income support and risk coverage.
43,Government Schemes,What government scheme is available for maize farmers in India?,The Government of India offers schemes like PM-KISAN and crop insurance for maize farmers to provide income support and risk coverage.
44,Government Schemes,What government scheme is available for millets farmers in India?,The Government of India offers schemes like PM-KISAN and crop insurance for millets farmers to provide income support and risk coverage.
45,Government Schemes,What government scheme is available for ragi farmers in India?,The Government of India offers schemes like PM-KISAN and crop insurance for ragi farmers to provide income support and risk coverage.
46,Government Schemes,What government scheme is available for sugarcane farmers in India?,The Government of India offers schemes like PM-KISAN and crop insurance for sugarcane farmers to provide income support and risk coverage.
47,Government Schemes,What government scheme is available for cotton farmers in India?,The Government of India offers schemes like PM-KISAN and crop insurance for cotton farmers to provide income support and risk coverage.
48,Government Schemes,What government scheme is available for coffee farmers in India?,The Government of India offers schemes like PM-KISAN and crop insurance for coffee farmers to provide income support and risk coverage.
49,Government Schemes,What government scheme is available for tea farmers in India?,The Government of India offers schemes like PM-KISAN and crop insurance for tea farmers to provide income support and risk coverage.
50,Government Schemes,What government scheme is available for areca nut farmers in India?,The Government of India offers schemes like PM-KISAN and crop insurance for areca nut farmers to provide income support and risk coverage.
51,Government Schemes,What government scheme is available for coconut farmers in India?,The Government of India offers schemes like PM-KISAN and crop insurance for coconut farmers to provide income support and risk coverage.
52,Government Schemes,What government scheme is available for apple farmers in India?,The Government of India offers schemes like PM-KISAN and crop insurance for apple farmers to provide income support and risk coverage.
53,Government Schemes,What government scheme is available for banana farmers in India?,The Government of India offers schemes like PM-KISAN and crop insurance for banana farmers to provide income support and risk coverage.
54,Government Schemes,What government scheme is available for mango farmers in India?,The Government of India offers schemes like PM-KISAN and crop insurance for mango farmers to provide income support and risk coverage.
55,Government Schemes,What government scheme is available for tomato farmers in India?,The Government of India offers schemes like PM-KISAN and crop insurance for tomato farmers to provide income support and risk coverage.
56,Government Schemes,What government scheme is available for potato farmers in India?,The Government of India offers schemes like PM-KISAN and crop insurance for potato farmers to provide income support and risk coverage.
57,Government Schemes,What government scheme is available for chili farmers in India?,The Government of India offers schemes like PM-KISAN and crop insurance for chili farmers to provide income support and risk coverage.
58,Government Schemes,What government scheme is available for onion farmers in India?,The Government of India offers schemes like PM-KISAN and crop insurance for onion farmers to provide income support and risk coverage.
59,Government Schemes,What government scheme is available for groundnut farmers in India?,The Government of India offers schemes like PM-KISAN and crop insurance for groundnut farmers to provide income support and risk coverage.
60,Government Schemes,What government scheme is available for soybean farmers in India?,The Government of India offers schemes like PM-KISAN and crop insurance for soybean farmers to provide income support and risk coverage.
61,Government Schemes,What government scheme is available for rice farmers in India?,The Government of India offers schemes like PM-KISAN and crop insurance for rice farmers to provide income support and risk coverage.
62,Government Schemes,What government scheme is available for wheat farmers in India?,The Government of India offers schemes like PM-KISAN and crop insurance for wheat farmers to provide income support and risk coverage.
63,Government Schemes,What government scheme is available for maize farmers in India?,The Government of India offers schemes like PM-KISAN and crop insurance for maize farmers to provide income support and risk coverage.
64,Government Schemes,What government scheme is available for millets farmers in India?,The Government of India offers schemes like PM-KISAN and crop insurance for millets farmers to provide income support and risk coverage.
65,Government Schemes,What government scheme is available for ragi farmers in India?,The Government of India offers schemes like PM-KISAN and crop insurance for ragi farmers to provide income support and risk coverage.
66,Government Schemes,What government scheme is available for sugarcane farmers in India?,The Government of India offers schemes like PM-KISAN and crop insurance for sugarcane farmers to provide income support and risk coverage.
67,Government Schemes,What government scheme is available for cotton farmers in India?,The Government of India offers schemes like PM-KISAN and crop insurance for cotton farmers to provide income support and risk coverage.
68,Government Schemes,What government scheme is available for coffee farmers in India?,The Government of India offers schemes like PM-KISAN and crop insurance for coffee farmers to provide income support and risk coverage.
69,Government Schemes,What government scheme is available for tea farmers in India?,The Government of India offers schemes like PM-KISAN and crop insurance for tea farmers to provide income support and risk coverage.
70,Government Schemes,What government scheme is available for areca nut farmers in India?,The Government of India offers schemes like PM-KISAN and crop insurance for areca nut farmers to provide income support and risk coverage.
71,Government Schemes,What government scheme is available for coconut farmers in India?,The Government of India offers schemes like PM-KISAN and crop insurance for coconut farmers to provide income support and risk coverage.
72,Government Schemes,What government scheme is available for apple farmers in India?,The Government of India offers schemes like PM-KISAN and crop insurance for apple farmers to provide income support and risk coverage.
73,Government Schemes,What government scheme is available for banana farmers in India?,The Government of India offers schemes like PM-KISAN and crop insurance for banana farmers to provide income support and risk coverage.
74,Government Schemes,What government scheme is available for mango farmers in India?,The Government of India offers schemes like PM-KISAN and crop insurance for mango farmers to provide income support and risk coverage.
75,Government Schemes,What government scheme is available for tomato farmers in India?,The Government of India offers schemes like PM-KISAN and crop insurance for tomato farmers to provide income support and risk coverage.
76,Government Schemes,What government scheme is available for potato farmers in India?,The Government of India offers schemes like PM-KISAN and crop insurance for potato farmers to provide income support and risk coverage.
77,Government Schemes,What government scheme is available for chili farmers in India?,The Government of India offers schemes like PM-KISAN and crop insurance for chili farmers to provide income support and risk coverage.
78,Government Schemes,What government scheme is available for onion farmers in India?,The Government of India offers schemes like PM-KISAN and crop insurance for onion farmers to provide income support and risk coverage.
79,Government Schemes,What government scheme is available for groundnut farmers in India?,The Government of India offers schemes like PM-KISAN and crop insurance for groundnut farmers to provide income support and risk coverage.
80,Government Schemes,What government scheme is available for soybean farmers in India?,The Government of India offers schemes like PM-KISAN and crop insurance for soybean farmers to provide income support and risk coverage.
81,Government Schemes,What government scheme is available for rice farmers in India?,The Government of India offers schemes like PM-KISAN and crop insurance for rice farmers to provide income support and risk coverage.
82,Government Schemes,What government scheme is available for wheat farmers in India?,The Government of India offers schemes like PM-KISAN and crop insurance for wheat farmers to provide income support and risk coverage.
83,Government Schemes,What government scheme is available for maize farmers in India?,The Government of India offers schemes like PM-KISAN and crop insurance for maize farmers to provide income support and risk coverage.
84,Government Schemes,What government scheme is available for millets farmers in India?,The Government of India offers schemes like PM-KISAN and crop insurance for millets farmers to provide income support and risk coverage.
85,Government Schemes,What government scheme is available for ragi farmers in India?,The Government of India offers schemes like PM-KISAN and crop insurance for ragi farmers to provide income support and risk coverage.
86,Government Schemes,What government scheme is available for sugarcane farmers in India?,The Government of India offers schemes like PM-KISAN and crop insurance for sugarcane farmers to provide income support and risk coverage.
87,Government Schemes,What government scheme is available for cotton farmers in India?,The Government of India offers schemes like PM-KISAN and crop insurance for cotton farmers to provide income support and risk coverage.
88,Government Schemes,What government scheme is available for coffee farmers in India?,The Government of India offers schemes like PM-KISAN and crop insurance for coffee farmers to provide income support and risk coverage.
89,Government Schemes,What government scheme is available for tea farmers in India?,The Government of India offers schemes like PM-KISAN and crop insurance for tea farmers to provide income support and risk coverage.
90,Government Schemes,What government scheme is available for areca nut farmers in India?,The Government of India offers schemes like PM-KISAN and crop insurance for areca nut farmers to provide income support and risk coverage.
91,Government Schemes,What government scheme is available for coconut farmers in India?,The Government of India offers schemes like PM-KISAN and crop insurance for coconut farmers to provide income support and risk coverage.
92,Government Schemes,What government scheme is available for apple farmers in India?,The Government of India offers schemes like PM-KISAN and crop insurance for apple farmers to provide income support and risk coverage.
93,Government Schemes,What government scheme is available for banana farmers in India?,The Government of India offers schemes like PM-KISAN and crop insurance for banana farmers to provide income support and risk coverage.
94,Government Schemes,What government scheme is available for mango farmers in India?,The Government of India offers schemes like PM-KISAN and crop insurance for mango farmers to provide income support and risk coverage.
95,Government Schemes,What government scheme is available for tomato farmers in India?,The Government of India offers schemes like PM-KISAN and crop insurance for tomato farmers to provide income support and risk coverage.
96,Government Schemes,What government scheme is available for potato farmers in India?,The Government of India offers schemes like PM-KISAN and crop insurance for potato farmers to provide income support and risk coverage.
97,Government Schemes,What government scheme is available for chili farmers in India?,The Government of India offers schemes like PM-KISAN and crop insurance for chili farmers to provide income support and risk coverage.
98,Government Schemes,What government scheme is available for onion farmers in India?,The Government of India offers schemes like PM-KISAN and crop insurance for onion farmers to provide income support and risk coverage.
99,Government Schemes,What government scheme is available for groundnut farmers in India?,The Government of India offers schemes like PM-KISAN and crop insurance for groundnut farmers to provide income support and risk coverage.
100,Government Schemes,What government scheme is available for soybean farmers in India?,The Government of India offers schemes like PM-KISAN and crop insurance for soybean farmers to provide income support and risk coverage.
101,Fertilizers,What type of fertilizer is best suited for growing rice?,"For healthy rice growth, use a balanced mix of nitrogen, phosphorus, and potassium fertilizers as recommended by the agricultural department."
102,Fertilizers,What type of fertilizer is best suited for growing wheat?,"For healthy wheat growth, use a balanced mix of nitrogen, phosphorus, and potassium fertilizers as recommended by the agricultural department."
103,Fertilizers,What type of fertilizer is best suited for growing maize?,"For healthy maize growth, use a balanced mix of nitrogen, phosphorus, and potassium fertilizers as recommended by the agricultural department."
104,Fertilizers,What type of fertilizer is best suited for growing millets?,"For healthy millets growth, use a balanced mix of nitrogen, phosphorus, and potassium fertilizers as recommended by the agricultural department."
105,Fertilizers,What type of fertilizer is best suited for growing ragi?,"For healthy ragi growth, use a balanced mix of nitrogen, phosphorus, and potassium fertilizers as recommended by the agricultural department."
106,Fertilizers,What type of fertilizer is best suited for growing sugarcane?,"For healthy sugarcane growth, use a balanced mix of nitrogen, phosphorus, and potassium fertilizers as recommended by the agricultural department."
107,Fertilizers,What type of fertilizer is best suited for growing cotton?,"For healthy cotton growth, use a balanced mix of nitrogen, phosphorus, and potassium fertilizers as recommended by the agricultural department."
108,Fertilizers,What type of fertilizer is best suited for growing coffee?,"For healthy coffee growth, use a balanced mix of nitrogen, phosphorus, and potassium fertilizers as recommended by the agricultural department."
109,Fertilizers,What type of fertilizer is best suited for growing tea?,"For healthy tea growth, use a balanced mix of nitrogen, phosphorus, and potassium fertilizers as recommended by the agricultural department."
110,Fertilizers,What type of fertilizer is best suited for growing areca nut?,"For healthy areca nut growth, use a balanced mix of nitrogen, phosphorus, and potassium fertilizers as recommended by the agricultural department."
111,Fertilizers,What type of fertilizer is best suited for growing coconut?,"For healthy coconut growth, use a balanced mix of nitrogen, phosphorus, and potassium fertilizers as recommended by the agricultural department."
112,Fertilizers,What type of fertilizer is best suited for growing apple?,"For healthy apple growth, use a balanced mix of nitrogen, phosphorus, and potassium fertilizers as recommended by the agricultural department."
113,Fertilizers,What type of fertilizer is best suited for growing banana?,"For healthy banana growth, use a balanced mix of nitrogen, phosphorus, and potassium fertilizers as recommended by the agricultural department."
114,Fertilizers,What type of fertilizer is best suited for growing mango?,"For healthy mango growth, use a balanced mix of nitrogen, phosphorus, and potassium fertilizers as recommended by the agricultural department."
115,Fertilizers,What type of fertilizer is best suited for growing tomato?,"For healthy tomato growth, use a balanced mix of nitrogen, phosphorus, and potassium fertilizers as recommended by the agricultural department."
116,Fertilizers,What type of fertilizer is best suited for growing potato?,"For healthy potato growth, use a balanced mix of nitrogen, phosphorus, and potassium fertilizers as recommended by the agricultural department."
117,Fertilizers,What type of fertilizer is best suited for growing chili?,"For healthy chili growth, use a balanced mix of nitrogen, phosphorus, and potassium fertilizers as recommended by the agricultural department."
118,Fertilizers,What type of fertilizer is best suited for growing onion?,"For healthy onion growth, use a balanced mix of nitrogen, phosphorus, and potassium fertilizers as recommended by the agricultural department."
119,Fertilizers,What type of fertilizer is best suited for growing groundnut?,"For healthy groundnut growth, use a balanced mix of nitrogen, phosphorus, and potassium fertilizers as recommended by the agricultural department."
120,Fertilizers,What type of fertilizer is best suited for growing soybean?,"For healthy soybean growth, use a balanced mix of nitrogen, phosphorus, and potassium fertilizers as recommended by the agricultural department."
121,Fertilizers,What type of fertilizer is best suited for growing rice?,"For healthy rice growth, use a balanced mix of nitrogen, phosphorus, and potassium fertilizers as recommended by the agricultural department."
122,Fertilizers,What type of fertilizer is best suited for growing wheat?,"For healthy wheat growth, use a balanced mix of nitrogen, phosphorus, and potassium fertilizers as recommended by the agricultural department."
123,Fertilizers,What type of fertilizer is best suited for growing maize?,"For healthy maize growth, use a balanced mix of nitrogen, phosphorus, and potassium fertilizers as recommended by the agricultural department."
124,Fertilizers,What type of fertilizer is best suited for growing millets?,"For healthy millets growth, use a balanced mix of nitrogen, phosphorus, and potassium fertilizers as recommended by the agricultural department."
125,Fertilizers,What type of fertilizer is best suited for growing ragi?,"For healthy ragi growth, use a balanced mix of nitrogen, phosphorus, and potassium fertilizers as recommended by the agricultural department."
126,Fertilizers,What type of fertilizer is best suited for growing sugarcane?,"For healthy sugarcane growth, use a balanced mix of nitrogen, phosphorus, and potassium fertilizers as recommended by the agricultural department."
127,Fertilizers,What type of fertilizer is best suited for growing cotton?,"For healthy cotton growth, use a balanced mix of nitrogen, phosphorus, and potassium fertilizers as recommended by the agricultural department."
128,Fertilizers,What type of fertilizer is best suited for growing coffee?,"For healthy coffee growth, use a balanced mix of nitrogen, phosphorus, and potassium fertilizers as recommended by the agricultural department."
129,Fertilizers,What type of fertilizer is best suited for growing tea?,"For healthy tea growth, use a balanced mix of nitrogen, phosphorus, and potassium fertilizers as recommended by the agricultural department."
130,Fertilizers,What type of fertilizer is best suited for growing areca nut?,"For healthy areca nut growth, use a balanced mix of nitrogen, phosphorus, and potassium fertilizers as recommended by the agricultural department."
131,Fertilizers,What type of fertilizer is best suited for growing coconut?,"For healthy coconut growth, use a balanced mix of nitrogen, phosphorus, and potassium fertilizers as recommended by the agricultural department."
132,Fertilizers,What type of fertilizer is best suited for growing apple?,"For healthy apple growth, use a balanced mix of nitrogen, phosphorus, and potassium fertilizers as recommended by the agricultural department."
133,Fertilizers,What type of fertilizer is best suited for growing banana?,"For healthy banana growth, use a balanced mix of nitrogen, phosphorus, and potassium fertilizers as recommended by the agricultural department."
134,Fertilizers,What type of fertilizer is best suited for growing mango?,"For healthy mango growth, use a balanced mix of nitrogen, phosphorus, and potassium fertilizers as recommended by the agricultural department."
135,Fertilizers,What type of fertilizer is best suited for growing tomato?,"For healthy tomato growth, use a balanced mix of nitrogen, phosphorus, and potassium fertilizers as recommended by the agricultural department."
136,Fertilizers,What type of fertilizer is best suited for growing potato?,"For healthy potato growth, use a balanced mix of nitrogen, phosphorus, and potassium fertilizers as recommended by the agricultural department."
137,Fertilizers,What type of fertilizer is best suited for growing chili?,"For healthy chili growth, use a balanced mix of nitrogen, phosphorus, and potassium fertilizers as recommended by the agricultural department."
138,Fertilizers,What type of fertilizer is best suited for growing onion?,"For healthy onion growth, use a balanced mix of nitrogen, phosphorus, and potassium fertilizers as recommended by the agricultural department."
139,Fertilizers,What type of fertilizer is best suited for growing groundnut?,"For healthy groundnut growth, use a balanced mix of nitrogen, phosphorus, and potassium fertilizers as recommended by the agricultural department."
140,Fertilizers,What type of fertilizer is best suited for growing soybean?,"For healthy soybean growth, use a balanced mix of nitrogen, phosphorus, and potassium fertilizers as recommended by the agricultural department."
141,Fertilizers,What type of fertilizer is best suited for growing rice?,"For healthy rice growth, use a balanced mix of nitrogen, phosphorus, and potassium fertilizers as recommended by the agricultural department."
142,Fertilizers,What type of fertilizer is best suited for growing wheat?,"For healthy wheat growth, use a balanced mix of nitrogen, phosphorus, and potassium fertilizers as recommended by the agricultural department."
143,Fertilizers,What type of fertilizer is best suited for growing maize?,"For healthy maize growth, use a balanced mix of nitrogen, phosphorus, and potassium fertilizers as recommended by the agricultural department."
144,Fertilizers,What type of fertilizer is best suited for growing millets?,"For healthy millets growth, use a balanced mix of nitrogen, phosphorus, and potassium fertilizers as recommended by the agricultural department."
145,Fertilizers,What type of fertilizer is best suited for growing ragi?,"For healthy ragi growth, use a balanced mix of nitrogen, phosphorus, and potassium fertilizers as recommended by the agricultural department."
146,Fertilizers,What type of fertilizer is best suited for growing sugarcane?,"For healthy sugarcane growth, use a balanced mix of nitrogen, phosphorus, and potassium fertilizers as recommended by the agricultural department."
147,Fertilizers,What type of fertilizer is best suited for growing cotton?,"For healthy cotton growth, use a balanced mix of nitrogen, phosphorus, and potassium fertilizers as recommended by the agricultural department."
148,Fertilizers,What type of fertilizer is best suited for growing coffee?,"For healthy coffee growth, use a balanced mix of nitrogen, phosphorus, and potassium fertilizers as recommended by the agricultural department."
149,Fertilizers,What type of fertilizer is best suited for growing tea?,"For healthy tea growth, use a balanced mix of nitrogen, phosphorus, and potassium fertilizers as recommended by the agricultural department."
150,Fertilizers,What type of fertilizer is best suited for growing areca nut?,"For healthy areca nut growth, use a balanced mix of nitrogen, phosphorus, and potassium fertilizers as recommended by the agricultural department."
151,Fertilizers,What type of fertilizer is best suited for growing coconut?,"For healthy coconut growth, use a balanced mix of nitrogen, phosphorus, and potassium fertilizers as recommended by the agricultural department."
152,Fertilizers,What type of fertilizer is best suited for growing apple?,"For healthy apple growth, use a balanced mix of nitrogen, phosphorus, and potassium fertilizers as recommended by the agricultural department."
153,Fertilizers,What type of fertilizer is best suited for growing banana?,"For healthy banana growth, use a balanced mix of nitrogen, phosphorus, and potassium fertilizers as recommended by the agricultural department."
154,Fertilizers,What type of fertilizer is best suited for growing mango?,"For healthy mango growth, use a balanced mix of nitrogen, phosphorus, and potassium fertilizers as recommended by the agricultural department."
155,Fertilizers,What type of fertilizer is best suited for growing tomato?,"For healthy tomato growth, use a balanced mix of nitrogen, phosphorus, and potassium fertilizers as recommended by the agricultural department."
156,Fertilizers,What type of fertilizer is best suited for growing potato?,"For healthy potato growth, use a balanced mix of nitrogen, phosphorus, and potassium fertilizers as recommended by the agricultural department."
157,Fertilizers,What type of fertilizer is best suited for growing chili?,"For healthy chili growth, use a balanced mix of nitrogen, phosphorus, and potassium fertilizers as recommended by the agricultural department."
158,Fertilizers,What type of fertilizer is best suited for growing onion?,"For healthy onion growth, use a balanced mix of nitrogen, phosphorus, and potassium fertilizers as recommended by the agricultural department."
159,Fertilizers,What type of fertilizer is best suited for growing groundnut?,"For healthy groundnut growth, use a balanced mix of nitrogen, phosphorus, and potassium fertilizers as recommended by the agricultural department."
160,Fertilizers,What type of fertilizer is best suited for growing soybean?,"For healthy soybean growth, use a balanced mix of nitrogen, phosphorus, and potassium fertilizers as recommended by the agricultural department."
161,Fertilizers,What type of fertilizer is best suited for growing rice?,"For healthy rice growth, use a balanced mix of nitrogen, phosphorus, and potassium fertilizers as recommended by the agricultural department."
162,Fertilizers,What type of fertilizer is best suited for growing wheat?,"For healthy wheat growth, use a balanced mix of nitrogen, phosphorus, and potassium fertilizers as recommended by the agricultural department."
163,Fertilizers,What type of fertilizer is best suited for growing maize?,"For healthy maize growth, use a balanced mix of nitrogen, phosphorus, and potassium fertilizers as recommended by the agricultural department."
164,Fertilizers,What type of fertilizer is best suited for growing millets?,"For healthy millets growth, use a balanced mix of nitrogen, phosphorus, and potassium fertilizers as recommended by the agricultural department."
165,Fertilizers,What type of fertilizer is best suited for growing ragi?,"For healthy ragi growth, use a balanced mix of nitrogen, phosphorus, and potassium fertilizers as recommended by the agricultural department."
166,Fertilizers,What type of fertilizer is best suited for growing sugarcane?,"For healthy sugarcane growth, use a balanced mix of nitrogen, phosphorus, and potassium fertilizers as recommended by the agricultural department."
167,Fertilizers,What type of fertilizer is best suited for growing cotton?,"For healthy cotton growth, use a balanced mix of nitrogen, phosphorus, and potassium fertilizers as recommended by the agricultural department."
168,Fertilizers,What type of fertilizer is best suited for growing coffee?,"For healthy coffee growth, use a balanced mix of nitrogen, phosphorus, and potassium fertilizers as recommended by the agricultural department."
169,Fertilizers,What type of fertilizer is best suited for growing tea?,"For healthy tea growth, use a balanced mix of nitrogen, phosphorus, and potassium fertilizers as recommended by the agricultural department."
170,Fertilizers,What type of fertilizer is best suited for growing areca nut?,"For healthy areca nut growth, use a balanced mix of nitrogen, phosphorus, and potassium fertilizers as recommended by the agricultural department."
171,Fertilizers,What type of fertilizer is best suited for growing coconut?,"For healthy coconut growth, use a balanced mix of nitrogen, phosphorus, and potassium fertilizers as recommended by the agricultural department."
172,Fertilizers,What type of fertilizer is best suited for growing apple?,"For healthy apple growth, use a balanced mix of nitrogen, phosphorus, and potassium fertilizers as recommended by the agricultural department."
173,Fertilizers,What type of fertilizer is best suited for growing banana?,"For healthy banana growth, use a balanced mix of nitrogen, phosphorus, and potassium fertilizers as recommended by the agricultural department."
174,Fertilizers,What type of fertilizer is best suited for growing mango?,"For healthy mango growth, use a balanced mix of nitrogen, phosphorus, and potassium fertilizers as recommended by the agricultural department."
175,Fertilizers,What type of fertilizer is best suited for growing tomato?,"For healthy tomato growth, use a balanced mix of nitrogen, phosphorus, and potassium fertilizers as recommended by the agricultural department."
176,Fertilizers,What type of fertilizer is best suited for growing potato?,"For healthy potato growth, use a balanced mix of nitrogen, phosphorus, and potassium fertilizers as recommended by the agricultural department."
177,Fertilizers,What type of fertilizer is best suited for growing chili?,"For healthy chili growth, use a balanced mix of nitrogen, phosphorus, and potassium fertilizers as recommended by the agricultural department."
178,Fertilizers,What type of fertilizer is best suited for growing onion?,"For healthy onion growth, use a balanced mix of nitrogen, phosphorus, and potassium fertilizers as recommended by the agricultural department."
179,Fertilizers,What type of fertilizer is best suited for growing groundnut?,"For healthy groundnut growth, use a balanced mix of nitrogen, phosphorus, and potassium fertilizers as recommended by the agricultural department."
180,Fertilizers,What type of fertilizer is best suited for growing soybean?,"For healthy soybean growth, use a balanced mix of nitrogen, phosphorus, and potassium fertilizers as recommended by the agricultural department."
181,Fertilizers,What type of fertilizer is best suited for growing rice?,"For healthy rice growth, use a balanced mix of nitrogen, phosphorus, and potassium fertilizers as recommended by the agricultural department."
182,Fertilizers,What type of fertilizer is best suited for growing wheat?,"For healthy wheat growth, use a balanced mix of nitrogen, phosphorus, and potassium fertilizers as recommended by the agricultural department."
183,Fertilizers,What type of fertilizer is best suited for growing maize?,"For healthy maize growth, use a balanced mix of nitrogen, phosphorus, and potassium fertilizers as recommended by the agricultural department."
184,Fertilizers,What type of fertilizer is best suited for growing millets?,"For healthy millets growth, use a balanced mix of nitrogen, phosphorus, and potassium fertilizers as recommended by the agricultural department."
185,Fertilizers,What type of fertilizer is best suited for growing ragi?,"For healthy ragi growth, use a balanced mix of nitrogen, phosphorus, and potassium fertilizers as recommended by the agricultural department."
186,Fertilizers,What type of fertilizer is best suited for growing sugarcane?,"For healthy sugarcane growth, use a balanced mix of nitrogen, phosphorus, and potassium fertilizers as recommended by the agricultural department."
187,Fertilizers,What type of fertilizer is best suited for growing cotton?,"For healthy cotton growth, use a balanced mix of nitrogen, phosphorus, and potassium fertilizers as recommended by the agricultural department."
188,Fertilizers,What type of fertilizer is best suited for growing coffee?,"For healthy coffee growth, use a balanced mix of nitrogen, phosphorus, and potassium fertilizers as recommended by the agricultural department."
189,Fertilizers,What type of fertilizer is best suited for growing tea?,"For healthy tea growth, use a balanced mix of nitrogen, phosphorus, and potassium fertilizers as recommended by the agricultural department."
190,Fertilizers,What type of fertilizer is best suited for growing areca nut?,"For healthy areca nut growth, use a balanced mix of nitrogen, phosphorus, and potassium fertilizers as recommended by the agricultural department."
191,Fertilizers,What type of fertilizer is best suited for growing coconut?,"For healthy coconut growth, use a balanced mix of nitrogen, phosphorus, and potassium fertilizers as recommended by the agricultural department."
192,Fertilizers,What type of fertilizer is best suited for growing apple?,"For healthy apple growth, use a balanced mix of nitrogen, phosphorus, and potassium fertilizers as recommended by the agricultural department."
193,Fertilizers,What type of fertilizer is best suited for growing banana?,"For healthy banana growth, use a balanced mix of nitrogen, phosphorus, and potassium fertilizers as recommended by the agricultural department."
194,Fertilizers,What type of fertilizer is best suited for growing mango?,"For healthy mango growth, use a balanced mix of nitrogen, phosphorus, and potassium fertilizers as recommended by the agricultural department."
195,Fertilizers,What type of fertilizer is best suited for growing tomato?,"For healthy tomato growth, use a balanced mix of nitrogen, phosphorus, and potassium fertilizers as recommended by the agricultural department."
196,Fertilizers,What type of fertilizer is best suited for growing potato?,"For healthy potato growth, use a balanced mix of nitrogen, phosphorus, and potassium fertilizers as recommended by the agricultural department."
197,Fertilizers,What type of fertilizer is best suited for growing chili?,"For healthy chili growth, use a balanced mix of nitrogen, phosphorus, and potassium fertilizers as recommended by the agricultural department."
198,Fertilizers,What type of fertilizer is best suited for growing onion?,"For healthy onion growth, use a balanced mix of nitrogen, phosphorus, and potassium fertilizers as recommended by the agricultural department."
199,Fertilizers,What type of fertilizer is best suited for growing groundnut?,"For healthy groundnut growth, use a balanced mix of nitrogen, phosphorus, and potassium fertilizers as recommended by the agricultural department."
200,Fertilizers,What type of fertilizer is best suited for growing soybean?,"For healthy soybean growth, use a balanced mix of nitrogen, phosphorus, and potassium fertilizers as recommended by the agricultural department."
201,Pest Control,What pest control methods can be used for rice cultivation?,"For rice, use biological pest control and neem-based pesticides to prevent common pests while maintaining soil health."
202,Pest Control,What pest control methods can be used for wheat cultivation?,"For wheat, use biological pest control and neem-based pesticides to prevent common pests while maintaining soil health."
203,Pest Control,What pest control methods can be used for maize cultivation?,"For maize, use biological pest control and neem-based pesticides to prevent common pests while maintaining soil health."
204,Pest Control,What pest control methods can be used for millets cultivation?,"For millets, use biological pest control and neem-based pesticides to prevent common pests while maintaining soil health."
205,Pest Control,What pest control methods can be used for ragi cultivation?,"For ragi, use biological pest control and neem-based pesticides to prevent common pests while maintaining soil health."
206,Pest Control,What pest control methods can be used for sugarcane cultivation?,"For sugarcane, use biological pest control and neem-based pesticides to prevent common pests while maintaining soil health."
207,Pest Control,What pest control methods can be used for cotton cultivation?,"For cotton, use biological pest control and neem-based pesticides to prevent common pests while maintaining soil health."
208,Pest Control,What pest control methods can be used for coffee cultivation?,"For coffee, use biological pest control and neem-based pesticides to prevent common pests while maintaining soil health."
209,Pest Control,What pest control methods can be used for tea cultivation?,"For tea, use biological pest control and neem-based pesticides to prevent common pests while maintaining soil health."
210,Pest Control,What pest control methods can be used for areca nut cultivation?,"For areca nut, use biological pest control and neem-based pesticides to prevent common pests while maintaining soil health."
211,Pest Control,What pest control methods can be used for coconut cultivation?,"For coconut, use biological pest control and neem-based pesticides to prevent common pests while maintaining soil health."
212,Pest Control,What pest control methods can be used for apple cultivation?,"For apple, use biological pest control and neem-based pesticides to prevent common pests while maintaining soil health."
213,Pest Control,What pest control methods can be used for banana cultivation?,"For banana, use biological pest control and neem-based pesticides to prevent common pests while maintaining soil health."
214,Pest Control,What pest control methods can be used for mango cultivation?,"For mango, use biological pest control and neem-based pesticides to prevent common pests while maintaining soil health."
215,Pest Control,What pest control methods can be used for tomato cultivation?,"For tomato, use biological pest control and neem-based pesticides to prevent common pests while maintaining soil health."
216,Pest Control,What pest control methods can be used for potato cultivation?,"For potato, use biological pest control and neem-based pesticides to prevent common pests while maintaining soil health."
217,Pest Control,What pest control methods can be used for chili cultivation?,"For chili, use biological pest control and neem-based pesticides to prevent common pests while maintaining soil health."
218,Pest Control,What pest control methods can be used for onion cultivation?,"For onion, use biological pest control and neem-based pesticides to prevent common pests while maintaining soil health."
219,Pest Control,What pest control methods can be used for groundnut cultivation?,"For groundnut, use biological pest control and neem-based pesticides to prevent common pests while maintaining soil health."
220,Pest Control,What pest control methods can be used for soybean cultivation?,"For soybean, use biological pest control and neem-based pesticides to prevent common pests while maintaining soil health."
221,Pest Control,What pest control methods can be used for rice cultivation?,"For rice, use biological pest control and neem-based pesticides to prevent common pests while maintaining soil health."
222,Pest Control,What pest control methods can be used for wheat cultivation?,"For wheat, use biological pest control and neem-based pesticides to prevent common pests while maintaining soil health."
223,Pest Control,What pest control methods can be used for maize cultivation?,"For maize, use biological pest control and neem-based pesticides to prevent common pests while maintaining soil health."
224,Pest Control,What pest control methods can be used for millets cultivation?,"For millets, use biological pest control and neem-based pesticides to prevent common pests while maintaining soil health."
225,Pest Control,What pest control methods can be used for ragi cultivation?,"For ragi, use biological pest control and neem-based pesticides to prevent common pests while maintaining soil health."
226,Pest Control,What pest control methods can be used for sugarcane cultivation?,"For sugarcane, use biological pest control and neem-based pesticides to prevent common pests while maintaining soil health."
227,Pest Control,What pest control methods can be used for cotton cultivation?,"For cotton, use biological pest control and neem-based pesticides to prevent common pests while maintaining soil health."
228,Pest Control,What pest control methods can be used for coffee cultivation?,"For coffee, use biological pest control and neem-based pesticides to prevent common pests while maintaining soil health."
229,Pest Control,What pest control methods can be used for tea cultivation?,"For tea, use biological pest control and neem-based pesticides to prevent common pests while maintaining soil health."
230,Pest Control,What pest control methods can be used for areca nut cultivation?,"For areca nut, use biological pest control and neem-based pesticides to prevent common pests while maintaining soil health."
231,Pest Control,What pest control methods can be used for coconut cultivation?,"For coconut, use biological pest control and neem-based pesticides to prevent common pests while maintaining soil health."
232,Pest Control,What pest control methods can be used for apple cultivation?,"For apple, use biological pest control and neem-based pesticides to prevent common pests while maintaining soil health."
233,Pest Control,What pest control methods can be used for banana cultivation?,"For banana, use biological pest control and neem-based pesticides to prevent common pests while maintaining soil health."
234,Pest Control,What pest control methods can be used for mango cultivation?,"For mango, use biological pest control and neem-based pesticides to prevent common pests while maintaining soil health."
235,Pest Control,What pest control methods can be used for tomato cultivation?,"For tomato, use biological pest control and neem-based pesticides to prevent common pests while maintaining soil health."
236,Pest Control,What pest control methods can be used for potato cultivation?,"For potato, use biological pest control and neem-based pesticides to prevent common pests while maintaining soil health."
237,Pest Control,What pest control methods can be used for chili cultivation?,"For chili, use biological pest control and neem-based pesticides to prevent common pests while maintaining soil health."
238,Pest Control,What pest control methods can be used for onion cultivation?,"For onion, use biological pest control and neem-based pesticides to prevent common pests while maintaining soil health."
239,Pest Control,What pest control methods can be used for groundnut cultivation?,"For groundnut, use biological pest control and neem-based pesticides to prevent common pests while maintaining soil health."
240,Pest Control,What pest control methods can be used for soybean cultivation?,"For soybean, use biological pest control and neem-based pesticides to prevent common pests while maintaining soil health."
241,Pest Control,What pest control methods can be used for rice cultivation?,"For rice, use biological pest control and neem-based pesticides to prevent common pests while maintaining soil health."
242,Pest Control,What pest control methods can be used for wheat cultivation?,"For wheat, use biological pest control and neem-based pesticides to prevent common pests while maintaining soil health."
243,Pest Control,What pest control methods can be used for maize cultivation?,"For maize, use biological pest control and neem-based pesticides to prevent common pests while maintaining soil health."
244,Pest Control,What pest control methods can be used for millets cultivation?,"For millets, use biological pest control and neem-based pesticides to prevent common pests while maintaining soil health."
245,Pest Control,What pest control methods can be used for ragi cultivation?,"For ragi, use biological pest control and neem-based pesticides to prevent common pests while maintaining soil health."
246,Pest Control,What pest control methods can be used for sugarcane cultivation?,"For sugarcane, use biological pest control and neem-based pesticides to prevent common pests while maintaining soil health."
247,Pest Control,What pest control methods can be used for cotton cultivation?,"For cotton, use biological pest control and neem-based pesticides to prevent common pests while maintaining soil health."
248,Pest Control,What pest control methods can be used for coffee cultivation?,"For coffee, use biological pest control and neem-based pesticides to prevent common pests while maintaining soil health."
249,Pest Control,What pest control methods can be used for tea cultivation?,"For tea, use biological pest control and neem-based pesticides to prevent common pests while maintaining soil health."
250,Pest Control,What pest control methods can be used for areca nut cultivation?,"For areca nut, use biological pest control and neem-based pesticides to prevent common pests while maintaining soil health."
251,Pest Control,What pest control methods can be used for coconut cultivation?,"For coconut, use biological pest control and neem-based pesticides to prevent common pests while maintaining soil health."
252,Pest Control,What pest control methods can be used for apple cultivation?,"For apple, use biological pest control and neem-based pesticides to prevent common pests while maintaining soil health."
253,Pest Control,What pest control methods can be used for banana cultivation?,"For banana, use biological pest control and neem-based pesticides to prevent common pests while maintaining soil health."
254,Pest Control,What pest control methods can be used for mango cultivation?,"For mango, use biological pest control and neem-based pesticides to prevent common pests while maintaining soil health."
255,Pest Control,What pest control methods can be used for tomato cultivation?,"For tomato, use biological pest control and neem-based pesticides to prevent common pests while maintaining soil health."
256,Pest Control,What pest control methods can be used for potato cultivation?,"For potato, use biological pest control and neem-based pesticides to prevent common pests while maintaining soil health."
257,Pest Control,What pest control methods can be used for chili cultivation?,"For chili, use biological pest control and neem-based pesticides to prevent common pests while maintaining soil health."
258,Pest Control,What pest control methods can be used for onion cultivation?,"For onion, use biological pest control and neem-based pesticides to prevent common pests while maintaining soil health."
259,Pest Control,What pest control methods can be used for groundnut cultivation?,"For groundnut, use biological pest control and neem-based pesticides to prevent common pests while maintaining soil health."
260,Pest Control,What pest control methods can be used for soybean cultivation?,"For soybean, use biological pest control and neem-based pesticides to prevent common pests while maintaining soil health."
261,Pest Control,What pest control methods can be used for rice cultivation?,"For rice, use biological pest control and neem-based pesticides to prevent common pests while maintaining soil health."
262,Pest Control,What pest control methods can be used for wheat cultivation?,"For wheat, use biological pest control and neem-based pesticides to prevent common pests while maintaining soil health."
263,Pest Control,What pest control methods can be used for maize cultivation?,"For maize, use biological pest control and neem-based pesticides to prevent common pests while maintaining soil health."
264,Pest Control,What pest control methods can be used for millets cultivation?,"For millets, use biological pest control and neem-based pesticides to prevent common pests while maintaining soil health."
265,Pest Control,What pest control methods can be used for ragi cultivation?,"For ragi, use biological pest control and neem-based pesticides to prevent common pests while maintaining soil health."
266,Pest Control,What pest control methods can be used for sugarcane cultivation?,"For sugarcane, use biological pest control and neem-based pesticides to prevent common pests while maintaining soil health."
267,Pest Control,What pest control methods can be used for cotton cultivation?,"For cotton, use biological pest control and neem-based pesticides to prevent common pests while maintaining soil health."
268,Pest Control,What pest control methods can be used for coffee cultivation?,"For coffee, use biological pest control and neem-based pesticides to prevent common pests while maintaining soil health."
269,Pest Control,What pest control methods can be used for tea cultivation?,"For tea, use biological pest control and neem-based pesticides to prevent common pests while maintaining soil health."
270,Pest Control,What pest control methods can be used for areca nut cultivation?,"For areca nut, use biological pest control and neem-based pesticides to prevent common pests while maintaining soil health."
271,Pest Control,What pest control methods can be used for coconut cultivation?,"For coconut, use biological pest control and neem-based pesticides to prevent common pests while maintaining soil health."
272,Pest Control,What pest control methods can be used for apple cultivation?,"For apple, use biological pest control and neem-based pesticides to prevent common pests while maintaining soil health."
273,Pest Control,What pest control methods can be used for banana cultivation?,"For banana, use biological pest control and neem-based pesticides to prevent common pests while maintaining soil health."
274,Pest Control,What pest control methods can be used for mango cultivation?,"For mango, use biological pest control and neem-based pesticides to prevent common pests while maintaining soil health."
275,Pest Control,What pest control methods can be used for tomato cultivation?,"For tomato, use biological pest control and neem-based pesticides to prevent common pests while maintaining soil health."
276,Pest Control,What pest control methods can be used for potato cultivation?,"For potato, use biological pest control and neem-based pesticides to prevent common pests while maintaining soil health."
277,Pest Control,What pest control methods can be used for chili cultivation?,"For chili, use biological pest control and neem-based pesticides to prevent common pests while maintaining soil health."
278,Pest Control,What pest control methods can be used for onion cultivation?,"For onion, use biological pest control and neem-based pesticides to prevent common pests while maintaining soil health."
279,Pest Control,What pest control methods can be used for groundnut cultivation?,"For groundnut, use biological pest control and neem-based pesticides to prevent common pests while maintaining soil health."
280,Pest Control,What pest control methods can be used for soybean cultivation?,"For soybean, use biological pest control and neem-based pesticides to prevent common pests while maintaining soil health."
281,Pest Control,What pest control methods can be used for rice cultivation?,"For rice, use biological pest control and neem-based pesticides to prevent common pests while maintaining soil health."
282,Pest Control,What pest control methods can be used for wheat cultivation?,"For wheat, use biological pest control and neem-based pesticides to prevent common pests while maintaining soil health."
283,Pest Control,What pest control methods can be used for maize cultivation?,"For maize, use biological pest control and neem-based pesticides to prevent common pests while maintaining soil health."
284,Pest Control,What pest control methods can be used for millets cultivation?,"For millets, use biological pest control and neem-based pesticides to prevent common pests while maintaining soil health."
285,Pest Control,What pest control methods can be used for ragi cultivation?,"For ragi, use biological pest control and neem-based pesticides to prevent common pests while maintaining soil health."
286,Pest Control,What pest control methods can be used for sugarcane cultivation?,"For sugarcane, use biological pest control and neem-based pesticides to prevent common pests while maintaining soil health."
287,Pest Control,What pest control methods can be used for cotton cultivation?,"For cotton, use biological pest control and neem-based pesticides to prevent common pests while maintaining soil health."
288,Pest Control,What pest control methods can be used for coffee cultivation?,"For coffee, use biological pest control and neem-based pesticides to prevent common pests while maintaining soil health."
289,Pest Control,What pest control methods can be used for tea cultivation?,"For tea, use biological pest control and neem-based pesticides to prevent common pests while maintaining soil health."
290,Pest Control,What pest control methods can be used for areca nut cultivation?,"For areca nut, use biological pest control and neem-based pesticides to prevent common pests while maintaining soil health."
291,Pest Control,What pest control methods can be used for coconut cultivation?,"For coconut, use biological pest control and neem-based pesticides to prevent common pests while maintaining soil health."
292,Pest Control,What pest control methods can be used for apple cultivation?,"For apple, use biological pest control and neem-based pesticides to prevent common pests while maintaining soil health."
293,Pest Control,What pest control methods can be used for banana cultivation?,"For banana, use biological pest control and neem-based pesticides to prevent common pests while maintaining soil health."
294,Pest Control,What pest control methods can be used for mango cultivation?,"For mango, use biological pest control and neem-based pesticides to prevent common pests while maintaining soil health."
295,Pest Control,What pest control methods can be used for tomato cultivation?,"For tomato, use biological pest control and neem-based pesticides to prevent common pests while maintaining soil health."
296,Pest Control,What pest control methods can be used for potato cultivation?,"For potato, use biological pest control and neem-based pesticides to prevent common pests while maintaining soil health."
297,Pest Control,What pest control methods can be used for chili cultivation?,"For chili, use biological pest control and neem-based pesticides to prevent common pests while maintaining soil health."
298,Pest Control,What pest control methods can be used for onion cultivation?,"For onion, use biological pest control and neem-based pesticides to prevent common pests while maintaining soil health."
299,Pest Control,What pest control methods can be used for groundnut cultivation?,"For groundnut, use biological pest control and neem-based pesticides to prevent common pests while maintaining soil health."
300,Pest Control,What pest control methods can be used for soybean cultivation?,"For soybean, use biological pest control and neem-based pesticides to prevent common pests while maintaining soil health."
301,Storage Tips,What are the best storage practices for harvested rice?,"After harvesting rice, ensure proper drying and store in moisture-free containers or cold storage to prevent spoilage."
302,Storage Tips,What are the best storage practices for harvested wheat?,"After harvesting wheat, ensure proper drying and store in moisture-free containers or cold storage to prevent spoilage."
303,Storage Tips,What are the best storage practices for harvested maize?,"After harvesting maize, ensure proper drying and store in moisture-free containers or cold storage to prevent spoilage."
304,Storage Tips,What are the best storage practices for harvested millets?,"After harvesting millets, ensure proper drying and store in moisture-free containers or cold storage to prevent spoilage."
305,Storage Tips,What are the best storage practices for harvested ragi?,"After harvesting ragi, ensure proper drying and store in moisture-free containers or cold storage to prevent spoilage."
306,Storage Tips,What are the best storage practices for harvested sugarcane?,"After harvesting sugarcane, ensure proper drying and store in moisture-free containers or cold storage to prevent spoilage."
307,Storage Tips,What are the best storage practices for harvested cotton?,"After harvesting cotton, ensure proper drying and store in moisture-free containers or cold storage to prevent spoilage."
308,Storage Tips,What are the best storage practices for harvested coffee?,"After harvesting coffee, ensure proper drying and store in moisture-free containers or cold storage to prevent spoilage."
309,Storage Tips,What are the best storage practices for harvested tea?,"After harvesting tea, ensure proper drying and store in moisture-free containers or cold storage to prevent spoilage."
310,Storage Tips,What are the best storage practices for harvested areca nut?,"After harvesting areca nut, ensure proper drying and store in moisture-free containers or cold storage to prevent spoilage."
311,Storage Tips,What are the best storage practices for harvested coconut?,"After harvesting coconut, ensure proper drying and store in moisture-free containers or cold storage to prevent spoilage."
312,Storage Tips,What are the best storage practices for harvested apple?,"After harvesting apple, ensure proper drying and store in moisture-free containers or cold storage to prevent spoilage."
313,Storage Tips,What are the best storage practices for harvested banana?,"After harvesting banana, ensure proper drying and store in moisture-free containers or cold storage to prevent spoilage."
314,Storage Tips,What are the best storage practices for harvested mango?,"After harvesting mango, ensure proper drying and store in moisture-free containers or cold storage to prevent spoilage."
315,Storage Tips,What are the best storage practices for harvested tomato?,"After harvesting tomato, ensure proper drying and store in moisture-free containers or cold storage to prevent spoilage."
316,Storage Tips,What are the best storage practices for harvested potato?,"After harvesting potato, ensure proper drying and store in moisture-free containers or cold storage to prevent spoilage."
317,Storage Tips,What are the best storage practices for harvested chili?,"After harvesting chili, ensure proper drying and store in moisture-free containers or cold storage to prevent spoilage."
318,Storage Tips,What are the best storage practices for harvested onion?,"After harvesting onion, ensure proper drying and store in moisture-free containers or cold storage to prevent spoilage."
319,Storage Tips,What are the best storage practices for harvested groundnut?,"After harvesting groundnut, ensure proper drying and store in moisture-free containers or cold storage to prevent spoilage."
320,Storage Tips,What are the best storage practices for harvested soybean?,"After harvesting soybean, ensure proper drying and store in moisture-free containers or cold storage to prevent spoilage."
321,Storage Tips,What are the best storage practices for harvested rice?,"After harvesting rice, ensure proper drying and store in moisture-free containers or cold storage to prevent spoilage."
322,Storage Tips,What are the best storage practices for harvested wheat?,"After harvesting wheat, ensure proper drying and store in moisture-free containers or cold storage to prevent spoilage."
323,Storage Tips,What are the best storage practices for harvested maize?,"After harvesting maize, ensure proper drying and store in moisture-free containers or cold storage to prevent spoilage."
324,Storage Tips,What are the best storage practices for harvested millets?,"After harvesting millets, ensure proper drying and store in moisture-free containers or cold storage to prevent spoilage."
325,Storage Tips,What are the best storage practices for harvested ragi?,"After harvesting ragi, ensure proper drying and store in moisture-free containers or cold storage to prevent spoilage."
326,Storage Tips,What are the best storage practices for harvested sugarcane?,"After harvesting sugarcane, ensure proper drying and store in moisture-free containers or cold storage to prevent spoilage."
327,Storage Tips,What are the best storage practices for harvested cotton?,"After harvesting cotton, ensure proper drying and store in moisture-free containers or cold storage to prevent spoilage."
328,Storage Tips,What are the best storage practices for harvested coffee?,"After harvesting coffee, ensure proper drying and store in moisture-free containers or cold storage to prevent spoilage."
329,Storage Tips,What are the best storage practices for harvested tea?,"After harvesting tea, ensure proper drying and store in moisture-free containers or cold storage to prevent spoilage."
330,Storage Tips,What are the best storage practices for harvested areca nut?,"After harvesting areca nut, ensure proper drying and store in moisture-free containers or cold storage to prevent spoilage."
331,Storage Tips,What are the best storage practices for harvested coconut?,"After harvesting coconut, ensure proper drying and store in moisture-free containers or cold storage to prevent spoilage."
332,Storage Tips,What are the best storage practices for harvested apple?,"After harvesting apple, ensure proper drying and store in moisture-free containers or cold storage to prevent spoilage."
333,Storage Tips,What are the best storage practices for harvested banana?,"After harvesting banana, ensure proper drying and store in moisture-free containers or cold storage to prevent spoilage."
334,Storage Tips,What are the best storage practices for harvested mango?,"After harvesting mango, ensure proper drying and store in moisture-free containers or cold storage to prevent spoilage."
335,Storage Tips,What are the best storage practices for harvested tomato?,"After harvesting tomato, ensure proper drying and store in moisture-free containers or cold storage to prevent spoilage."
336,Storage Tips,What are the best storage practices for harvested potato?,"After harvesting potato, ensure proper drying and store in moisture-free containers or cold storage to prevent spoilage."
337,Storage Tips,What are the best storage practices for harvested chili?,"After harvesting chili, ensure proper drying and store in moisture-free containers or cold storage to prevent spoilage."
338,Storage Tips,What are the best storage practices for harvested onion?,"After harvesting onion, ensure proper drying and store in moisture-free containers or cold storage to prevent spoilage."
339,Storage Tips,What are the best storage practices for harvested groundnut?,"After harvesting groundnut, ensure proper drying and store in moisture-free containers or cold storage to prevent spoilage."
340,Storage Tips,What are the best storage practices for harvested soybean?,"After harvesting soybean, ensure proper drying and store in moisture-free containers or cold storage to prevent spoilage."
341,Storage Tips,What are the best storage practices for harvested rice?,"After harvesting rice, ensure proper drying and store in moisture-free containers or cold storage to prevent spoilage."
342,Storage Tips,What are the best storage practices for harvested wheat?,"After harvesting wheat, ensure proper drying and store in moisture-free containers or cold storage to prevent spoilage."
343,Storage Tips,What are the best storage practices for harvested maize?,"After harvesting maize, ensure proper drying and store in moisture-free containers or cold storage to prevent spoilage."
344,Storage Tips,What are the best storage practices for harvested millets?,"After harvesting millets, ensure proper drying and store in moisture-free containers or cold storage to prevent spoilage."
345,Storage Tips,What are the best storage practices for harvested ragi?,"After harvesting ragi, ensure proper drying and store in moisture-free containers or cold storage to prevent spoilage."
346,Storage Tips,What are the best storage practices for harvested sugarcane?,"After harvesting sugarcane, ensure proper drying and store in moisture-free containers or cold storage to prevent spoilage."
347,Storage Tips,What are the best storage practices for harvested cotton?,"After harvesting cotton, ensure proper drying and store in moisture-free containers or cold storage to prevent spoilage."
348,Storage Tips,What are the best storage practices for harvested coffee?,"After harvesting coffee, ensure proper drying and store in moisture-free containers or cold storage to prevent spoilage."
349,Storage Tips,What are the best storage practices for harvested tea?,"After harvesting tea, ensure proper drying and store in moisture-free containers or cold storage to prevent spoilage."
350,Storage Tips,What are the best storage practices for harvested areca nut?,"After harvesting areca nut, ensure proper drying and store in moisture-free containers or cold storage to prevent spoilage."
351,Storage Tips,What are the best storage practices for harvested coconut?,"After harvesting coconut, ensure proper drying and store in moisture-free containers or cold storage to prevent spoilage."
352,Storage Tips,What are the best storage practices for harvested apple?,"After harvesting apple, ensure proper drying and store in moisture-free containers or cold storage to prevent spoilage."
353,Storage Tips,What are the best storage practices for harvested banana?,"After harvesting banana, ensure proper drying and store in moisture-free containers or cold storage to prevent spoilage."
354,Storage Tips,What are the best storage practices for harvested mango?,"After harvesting mango, ensure proper drying and store in moisture-free containers or cold storage to prevent spoilage."
355,Storage Tips,What are the best storage practices for harvested tomato?,"After harvesting tomato, ensure proper drying and store in moisture-free containers or cold storage to prevent spoilage."
356,Storage Tips,What are the best storage practices for harvested potato?,"After harvesting potato, ensure proper drying and store in moisture-free containers or cold storage to prevent spoilage."
357,Storage Tips,What are the best storage practices for harvested chili?,"After harvesting chili, ensure proper drying and store in moisture-free containers or cold storage to prevent spoilage."
358,Storage Tips,What are the best storage practices for harvested onion?,"After harvesting onion, ensure proper drying and store in moisture-free containers or cold storage to prevent spoilage."
359,Storage Tips,What are the best storage practices for harvested groundnut?,"After harvesting groundnut, ensure proper drying and store in moisture-free containers or cold storage to prevent spoilage."
360,Storage Tips,What are the best storage practices for harvested soybean?,"After harvesting soybean, ensure proper drying and store in moisture-free containers or cold storage to prevent spoilage."
361,Storage Tips,What are the best storage practices for harvested rice?,"After harvesting rice, ensure proper drying and store in moisture-free containers or cold storage to prevent spoilage."
362,Storage Tips,What are the best storage practices for harvested wheat?,"After harvesting wheat, ensure proper drying and store in moisture-free containers or cold storage to prevent spoilage."
363,Storage Tips,What are the best storage practices for harvested maize?,"After harvesting maize, ensure proper drying and store in moisture-free containers or cold storage to prevent spoilage."
364,Storage Tips,What are the best storage practices for harvested millets?,"After harvesting millets, ensure proper drying and store in moisture-free containers or cold storage to prevent spoilage."
365,Storage Tips,What are the best storage practices for harvested ragi?,"After harvesting ragi, ensure proper drying and store in moisture-free containers or cold storage to prevent spoilage."
366,Storage Tips,What are the best storage practices for harvested sugarcane?,"After harvesting sugarcane, ensure proper drying and store in moisture-free containers or cold storage to prevent spoilage."
367,Storage Tips,What are the best storage practices for harvested cotton?,"After harvesting cotton, ensure proper drying and store in moisture-free containers or cold storage to prevent spoilage."
368,Storage Tips,What are the best storage practices for harvested coffee?,"After harvesting coffee, ensure proper drying and store in moisture-free containers or cold storage to prevent spoilage."
369,Storage Tips,What are the best storage practices for harvested tea?,"After harvesting tea, ensure proper drying and store in moisture-free containers or cold storage to prevent spoilage."
370,Storage Tips,What are the best storage practices for harvested areca nut?,"After harvesting areca nut, ensure proper drying and store in moisture-free containers or cold storage to prevent spoilage."
371,Storage Tips,What are the best storage practices for harvested coconut?,"After harvesting coconut, ensure proper drying and store in moisture-free containers or cold storage to prevent spoilage."
372,Storage Tips,What are the best storage practices for harvested apple?,"After harvesting apple, ensure proper drying and store in moisture-free containers or cold storage to prevent spoilage."
373,Storage Tips,What are the best storage practices for harvested banana?,"After harvesting banana, ensure proper drying and store in moisture-free containers or cold storage to prevent spoilage."
374,Storage Tips,What are the best storage practices for harvested mango?,"After harvesting mango, ensure proper drying and store in moisture-free containers or cold storage to prevent spoilage."
375,Storage Tips,What are the best storage practices for harvested tomato?,"After harvesting tomato, ensure proper drying and store in moisture-free containers or cold storage to prevent spoilage."
376,Storage Tips,What are the best storage practices for harvested potato?,"After harvesting potato, ensure proper drying and store in moisture-free containers or cold storage to prevent spoilage."
377,Storage Tips,What are the best storage practices for harvested chili?,"After harvesting chili, ensure proper drying and store in moisture-free containers or cold storage to prevent spoilage."
378,Storage Tips,What are the best storage practices for harvested onion?,"After harvesting onion, ensure proper drying and store in moisture-free containers or cold storage to prevent spoilage."
379,Storage Tips,What are the best storage practices for harvested groundnut?,"After harvesting groundnut, ensure proper drying and store in moisture-free containers or cold storage to prevent spoilage."
380,Storage Tips,What are the best storage practices for harvested soybean?,"After harvesting soybean, ensure proper drying and store in moisture-free containers or cold storage to prevent spoilage."
381,Storage Tips,What are the best storage practices for harvested rice?,"After harvesting rice, ensure proper drying and store in moisture-free containers or cold storage to prevent spoilage."
382,Storage Tips,What are the best storage practices for harvested wheat?,"After harvesting wheat, ensure proper drying and store in moisture-free containers or cold storage to prevent spoilage."
383,Storage Tips,What are the best storage practices for harvested maize?,"After harvesting maize, ensure proper drying and store in moisture-free containers or cold storage to prevent spoilage."
384,Storage Tips,What are the best storage practices for harvested millets?,"After harvesting millets, ensure proper drying and store in moisture-free containers or cold storage to prevent spoilage."
385,Storage Tips,What are the best storage practices for harvested ragi?,"After harvesting ragi, ensure proper drying and store in moisture-free containers or cold storage to prevent spoilage."
386,Storage Tips,What are the best storage practices for harvested sugarcane?,"After harvesting sugarcane, ensure proper drying and store in moisture-free containers or cold storage to prevent spoilage."
387,Storage Tips,What are the best storage practices for harvested cotton?,"After harvesting cotton, ensure proper drying and store in moisture-free containers or cold storage to prevent spoilage."
388,Storage Tips,What are the best storage practices for harvested coffee?,"After harvesting coffee, ensure proper drying and store in moisture-free containers or cold storage to prevent spoilage."
389,Storage Tips,What are the best storage practices for harvested tea?,"After harvesting tea, ensure proper drying and store in moisture-free containers or cold storage to prevent spoilage."
390,Storage Tips,What are the best storage practices for harvested areca nut?,"After harvesting areca nut, ensure proper drying and store in moisture-free containers or cold storage to prevent spoilage."
391,Storage Tips,What are the best storage practices for harvested coconut?,"After harvesting coconut, ensure proper drying and store in moisture-free containers or cold storage to prevent spoilage."
392,Storage Tips,What are the best storage practices for harvested apple?,"After harvesting apple, ensure proper drying and store in moisture-free containers or cold storage to prevent spoilage."
393,Storage Tips,What are the best storage practices for harvested banana?,"After harvesting banana, ensure proper drying and store in moisture-free containers or cold storage to prevent spoilage."
394,Storage Tips,What are the best storage practices for harvested mango?,"After harvesting mango, ensure proper drying and store in moisture-free containers or cold storage to prevent spoilage."
395,Storage Tips,What are the best storage practices for harvested tomato?,"After harvesting tomato, ensure proper drying and store in moisture-free containers or cold storage to prevent spoilage."
396,Storage Tips,What are the best storage practices for harvested potato?,"After harvesting potato, ensure proper drying and store in moisture-free containers or cold storage to prevent spoilage."
397,Storage Tips,What are the best storage practices for harvested chili?,"After harvesting chili, ensure proper drying and store in moisture-free containers or cold storage to prevent spoilage."
398,Storage Tips,What are the best storage practices for harvested onion?,"After harvesting onion, ensure proper drying and store in moisture-free containers or cold storage to prevent spoilage."
399,Storage Tips,What are the best storage practices for harvested groundnut?,"After harvesting groundnut, ensure proper drying and store in moisture-free containers or cold storage to prevent spoilage."
400,Storage Tips,What are the best storage practices for harvested soybean?,"After harvesting soybean, ensure proper drying and store in moisture-free containers or cold storage to prevent spoilage."
